insert into VERSANDKOSTEN (land,betrag,freibetrag,waehrung,version) values ('AT',0.00,NULL,'EUR',0)
insert into VERSANDKOSTEN (land,betrag,freibetrag,waehrung,version) values ('HU',5.00,5.25,'HUF',0)
insert into ARTIKEL (artikel_id,bezeichnung,beschreibung,preis,waehrung,bild,version) values (1,'Multimedia PC','Personal Computer',5000.99,'EUR',NULL,0)
insert into ARTIKEL (artikel_id,bezeichnung,beschreibung,preis,waehrung,bild,version) values (2,'Elektroauto 5000','Das neueste E-Auto',450000,'USD',NULL,0)
insert into ARTIKELGRUPPE (bezeichnung,beschreibung,typ,version) values ('Auto','Fortbewegungsmittel für private/kommerzielle Nutzung','KFZ',0)
insert into ARTIKELGRUPPE (bezeichnung,beschreibung,typ,version) values ('Elektro','Geräte die elektronisch funktionieren','ELEKTRO',0)
insert into ARTIKEL_ARTIKELGRUPPE (artikel_id,bezeichnung) values (1,'Elektro')
insert into ARTIKEL_ARTIKELGRUPPE (artikel_id,bezeichnung) values (2,'Elektro')
insert into ARTIKEL_ARTIKELGRUPPE (artikel_id,bezeichnung) values (2,'Auto')
insert into LAGER (lager_id,adressid,bezeichnung,beschreibung,adressid_telefon,adressid_fax,email,version) values (1,'LAGER1','Zentrallager','Das zentrale Lager','TELEFON1',NULL,'haupt.lager@lager.com',0)
insert into LAGER (lager_id,adressid,bezeichnung,beschreibung,adressid_telefon,adressid_fax,email,version) values (2,'LAGER2','Nebenlager','Das andere Lager','TELEFON2',NULL,'neben.lager@lager.com',0)
insert into LAGERRAUM (raum_id,typ,bezeichnung,volumen,lager_id,version,volumen_einheit) values (1,'RAUM','Lagerraum',200,2,0,'STK')
insert into LAGERRAUM (raum_id,typ,bezeichnung,volumen,lager_id,version,volumen_einheit) values (1,'KONTROLL','Kontrollraum',20,1,0,'STK')
insert into LAGERRAUM (raum_id,typ,bezeichnung,volumen,lager_id,version,volumen_einheit) values (2,'KUEHL','Kühlraum',100,1,0,'STK')
insert into LAGERRAUM (raum_id,typ,bezeichnung,volumen,lager_id,version,volumen_einheit) values (3,'RAUM','Hauptlagerraum',550,1,0,'STK')
insert into ARTIKEL_LAGERRAUM (artikel_id,raum_id,lager_id,volumen_verbrauch,version,masseinheit,einheiten) values (1,1,2,1,0,'STK',1)
insert into ARTIKEL_LAGERRAUM (artikel_id,raum_id,lager_id,volumen_verbrauch,version,masseinheit,einheiten) values (1,3,1,1,0,'STK',99)